date,min_temp,max_temp,rainfall
2025-10-01,10.8,21.9,0
2025-10-02,7.8,27.4,0
2025-10-03,9.0,22.8,0
2025-10-04,14.7,23.3,4.4
2025-10-05,12.4,17.2,15.4
2025-10-06,7.7,19.7,0
2025-10-07,9.1,18.9,0
2025-10-08,9.5,19.6,0.2
2025-10-09,9.3,19.7,0
2025-10-10,12.5,20.8,0
2025-10-11,7.2,21.1,0
2025-10-12,9.0,24.6,0
2025-10-13,10.6,25.4,0
2025-10-14,10.7,24.2,0
2025-10-15,14.5,22.2,0
2025-10-16,11.8,24.2,0
2025-10-17,12.2,30.3,0
2025-10-18,17.4,22.6,0.2
2025-10-19,12.3,21.6,0
2025-10-20,10.0,17.7,4.2
2025-10-21,10.2,20.9,16.6
2025-10-22,10.1,23.1,0.2
2025-10-23,12.4,20.6,0
2025-10-24,12.6,20.9,0.8
2025-10-25,11.2,21.3,4.8
2025-10-26,10.2,22.7,1.2
2025-10-27,12.1,26.8,0
2025-10-28,13.5,34.8,0
2025-10-29,15.8,21.9,4.2
2025-10-30,12.6,22.9,0.8
2025-10-31,12.5,23.7,1.6
2025-11-01,15.7,20.6,4.4
2025-11-02,7.6,24.3,0
2025-11-03,12.9,30.1,0
2025-11-04,19.1,26.4,0
2025-11-05,14.7,24.9,7.2
2025-11-06,16.7,22.8,0
2025-11-07,12.8,25.5,0
2025-11-08,13.5,27.7,0
2025-11-09,14.5,29.8,0
2025-11-10,14.9,30.8,0
2025-11-11,16.5,33.9,0
2025-11-12,14.7,30.6,0
2025-11-13,14.6,24.1,0
2025-11-14,13.3,24.1,0
2025-11-15,10.8,23.4,0
2025-11-16,13.7,27.7,0
2025-11-17,14.7,34.5,0
2025-11-18,18.9,30.4,0
2025-11-19,18.0,30.1,0
2025-11-20,17.8,31.0,0.4
2025-11-21,17.1,30.3,0
2025-11-22,18.7,25.0,0
2025-11-23,15.9,21.8,0.6
2025-11-24,15.2,21.8,3.0
2025-11-25,15.7,22.7,0
2025-11-26,13.9,24.3,1.2
2025-11-27,11.7,22.6,0
2025-11-28,11.5,23.3,0
2025-11-29,13.7,26.5,0
2025-11-30,16.3,35.0,0
2025-12-01,16.4,39.0,0
2025-12-02,16.8,33.2,0
2025-12-03,16.7,25.6,0
2025-12-04,14.6,25.6,0
2025-12-05,15.5,24.1,0
2025-12-06,14.9,28.0,0
2025-12-07,15.0,27.7,0
2025-12-08,16.7,28.3,0
2025-12-09,16.7,32.1,0
2025-12-10,16.8,34.5,0
2025-12-11,18.2,32.4,0
2025-12-12,19.4,35.7,0
2025-12-13,18.2,36.9,0
2025-12-14,22.3,40.1,0
2025-12-15,22.3,33.9,15.2
2025-12-16,21.3,30.7,0
2025-12-17,20.2,24.6,0
2025-12-18,16.1,31.1,0
2025-12-19,17.1,30.6,0
2025-12-20,15.8,25.9,0
2025-12-21,13.8,25.6,0
2025-12-22,16.1,29.7,0
2025-12-23,17.0,35.0,0
2025-12-24,18.2,38.2,0
2025-12-25,24.2,42.1,0
2025-12-26,21.4,25.4,0
2025-12-27,11.7,23.5,0.6
2025-12-28,15.4,27.3,0
2025-12-29,17.0,30.5,0
2025-12-30,16.5,31.5,0
2025-12-31,17.1,33.4,0
2026-01-01,17.1,37.3,0
2026-01-02,22.2,37.2,0
2026-01-03,22.3,32.7,0
2026-01-04,20.2,32.5,0
2026-01-05,19.5,31.3,0
2026-01-06,19.5,29.5,0
2026-01-07,18.3,29.3,0
2026-01-08,16.4,26.3,0
2026-01-09,16.4,27.6,0
2026-01-10,16.2,30.1,0
2026-01-11,16.1,34.1,0
2026-01-12,20.5,31.8,0.4
2026-01-13,16.5,28.0,0
2026-01-14,17.6,32.5,0
2026-01-15,17.9,35.7,0
2026-01-16,21.5,32.4,0
2026-01-17,19.8,26.2,0
2026-01-18,14.7,26.7,0
2026-01-19,16.2,34.8,0
2026-01-20,19.3,39.2,0
2026-01-21,20.4,40.7,0
2026-01-22,22.3,32.9,0
2026-01-23,18.8,25.2,0
2026-01-24,16.3,27.0,0
2026-01-25,16.4,26.5,0
2026-01-26,17.2,23.6,1.2
2026-01-27,13.6,25.3,0.2
2026-01-28,16.0,30.3,0
2026-01-29,18.4,34.1,0
2026-01-30,18.7,34.7,0
2026-01-31,20.8,35.7,0
2026-02-01,19.3,37.7,0
2026-02-02,24.8,41.9,0
2026-02-03,20.9,30.3,0
2026-02-04,17.1,31.9,0
2026-02-05,16.1,33.5,0
2026-02-06,17.7,34.5,0
2026-02-07,18.4,35.5,0
2026-02-08,19.7,35.6,0
2026-02-09,22.1,32.4,0
2026-02-10,21.9,28.3,2.2
2026-02-11,18.3,29.9,0
2026-02-12,15.7,28.9,0
2026-02-13,16.0,31.3,0
2026-02-14,17.3,35.6,0
2026-02-15,19.8,25.9,0
2026-02-16,15.7,25.6,0
2026-02-17,14.7,27.1,0
2026-02-18,14.7,34.1,0
2026-02-19,16.9,38.5,0
2026-02-20,18.5,32.7,0
2026-02-21,17.3,26.0,0
2026-02-22,14.8,29.1,0
2026-02-23,15.2,30.7,0
2026-02-24,17.7,35.8,0
2026-02-25,22.2,38.9,0
2026-02-26,21.0,28.4,2.4
2026-02-27,17.8,34.9,1.2
2026-02-28,18.2,26.4,0
2026-03-01,11.8,26.3,0
2026-03-02,11.9,29.3,0
2026-03-03,16.0,33.4,0
2026-03-04,20.8,36.6,0
2026-03-05,20.6,36.7,0
2026-03-06,21.2,37.1,0
2026-03-07,21.1,40.3,0
2026-03-08,22.7,33.5,0
2026-03-09,21.7,30.6,0
2026-03-10,18.4,25.2,0
2026-03-11,14.1,25.9,0
2026-03-12,14.9,26.7,0
2026-03-13,17.7,26.7,0
2026-03-14,17.1,27.5,0
2026-03-15,17.6,30.2,0
2026-03-16,19.5,32.0,0
2026-03-17,19.0,34.8,0
2026-03-18,21.3,37.9,0
2026-03-19,18.8,38.1,0
2026-03-20,20.5,34.4,0
2026-03-21,18.0,31.0,0
2026-03-22,19.8,29.4,0
2026-03-23,18.7,25.4,0
2026-03-24,16.8,26.2,0
2026-03-25,17.4,27.6,0
2026-03-26,18.7,30.4,0
2026-03-27,19.1,19.5,3.2
2026-03-28,16.6,21.2,62.8
2026-03-29,17.4,24.9,5.6
2026-03-30,15.6,23.4,0.4
2026-03-31,16.2,23.3,0.6
2026-04-01,9.8,24.1,0
2026-04-02,15.4,28.4,0
2026-04-03,18.1,29.0,0
2026-04-04,17.0,28.0,0
2026-04-05,15.0,24.8,0
2026-04-06,15.8,18.6,0
2026-04-07,13.7,24.1,0
2026-04-08,9.8,22.4,0
2026-04-09,13.6,23.8,0
2026-04-10,14.1,26.1,0
2026-04-11,13.9,28.5,0
2026-04-12,12.9,31.3,0
2026-04-13,15.7,27.3,0
2026-04-14,16.9,30.3,0
2026-04-15,17.0,23.2,11.6
2026-04-16,13.1,27.5,1.0
2026-04-17,14.2,23.9,0
2026-04-18,13.7,21.9,8.0
2026-04-19,10.1,22.8,0
2026-04-20,9.6,23.2,0
2026-04-21,14.1,20.0,3.8
2026-04-22,7.2,24.0,0.2
2026-04-23,11.9,21.2,1.8
2026-04-24,11.1,20.9,1.6
2026-04-25,7.7,22.9,0.2
2026-04-26,7.5,26.3,0
2026-04-27,15.1,17.0,1.6
2026-04-28,13.2,20.6,8.0
2026-04-29,12.9,23.0,0
2026-04-30,12.0,21.4,0
2026-05-01,11.7,17.8,3.6
2026-05-02,5.0,18.1,0
2026-05-03,5.9,20.6,0
2026-05-04,7.2,22.8,0
2026-05-05,9.7,23.7,0
2026-05-06,10.2,23.2,0
2026-05-07,9.7,23.6,0
2026-05-08,11.7,23.7,0
2026-05-09,11.5,24.0,0
2026-05-10,6.8,25.1,0
2026-05-11,8.0,27.4,0
2026-05-12,6.8,28.3,0
2026-05-13,8.9,24.2,0
2026-05-14,12.7,19.8,0
2026-05-15,9.1,19.4,8.2
2026-05-16,10.7,19.7,0
2026-05-17,7.3,21.6,0
2026-05-18,9.7,20.9,0
2026-05-19,9.1,27.3,0
2026-05-20,8.2,26.0,0
2026-05-21,9.1,22.9,0
2026-05-22,6.7,19.2,0
2026-05-23,4.0,18.5,0
2026-05-24,2.5,20.9,0
2026-05-25,4.5,24.1,0
2026-05-26,9.6,24.8,0
2026-05-27,12.7,21.8,0
2026-05-28,14.5,20.8,19.2
2026-05-29,11.5,18.3,2.4
2026-05-30,9.1,20.7,0.2
2026-05-31,13.2,17.8,19.6
2026-06-01,12.8,19.5,13.8
2026-06-02,11.5,18.4,6.8
2026-06-03,7.1,19.9,0
2026-06-04,6.5,19.2,0
2026-06-05,6.6,21.1,0
2026-06-06,7.0,23.0,0
2026-06-07,8.5,22.6,0
2026-06-08,11.5,21.7,4.0
2026-06-09,13.0,16.3,12.0
2026-06-10,7.4,19.0,1.0
2026-06-11,11.2,15.8,1.2
2026-06-12,12.0,16.0,14.4
2026-06-13,4.2,19.1,1.6
2026-06-14,9.0,20.6,0.2
2026-06-15,10.0,15.4,12.6
2026-06-16,4.5,15.0,0
2026-06-17,3.4,17.7,0
2026-06-18,2.9,16.7,0
2026-06-19,3.1,18.0,0
2026-06-20,7.8,15.8,0
2026-06-21,10.8,18.5,0
2026-06-22,12.3,22.4,0
2026-06-23,6.8,22.6,0.6
2026-06-24,8.4,21.6,0.2
2026-06-25,7.8,22.1,0
2026-06-26,11.6,18.1,15.6
2026-06-27,11.9,19.0,15.0
2026-06-28,12.4,19.5,8.0
2026-06-29,12.1,17.7,7.4
2026-06-30,12.1,16.9,7.2
2026-07-01,9.0,18.0,6.2
2026-07-02,8.5,16.4,6.0
2026-07-03,11.1,16.4,0
2026-07-04,6.2,18.7,0
2026-07-05,10.0,20.4,0.2
2026-07-06,11.3,19.0,6.8
2026-07-07,8.9,21.7,0
2026-07-08,6.5,22.8,0.2
2026-07-09,6.2,22.8,0
2026-07-10,11.8,19.5,2.2
2026-07-11,5.4,17.1,0.2
2026-07-12,4.2,18.3,0
2026-07-13,4.2,19.0,0
2026-07-14,4.5,20.7,0.2
2026-07-15,7.8,25.7,0
2026-07-16,14.9,23.5,0
2026-07-17,15.1,20.5,14.8
2026-07-18,14.3,19.0,12.0
2026-07-19,9.1,19.1,0.8
2026-07-20,8.3,19.2,1.0
2026-07-21,6.8,17.9,0.2
2026-07-22,5.5,18.4,1.4
2026-07-23,5.0,18.4,0
2026-07-24,5.1,18.6,0
2026-07-25,3.6,21.3,0
2026-07-26,10.9,18.8,4.4
2026-07-27,8.6,18.0,0.2
2026-07-28,3.7,16.9,0
2026-07-29,5.7,19.4,0
2026-07-30,6.3,23.2,0
2026-07-31,6.2,22.9,0
2026-08-01,10.3,17.7,6.0
2026-08-02,4.6,17.5,0
2026-08-03,6.6,25.3,0
2026-08-04,12.7,20.0,9.0
2026-08-05,8.0,20.4,0
2026-08-06,6.1,20.3,0
2026-08-07,11.6,19.7,5.2
2026-08-08,10.5,12.0,17.2
2026-08-09,7.2,17.6,7.6
2026-08-10,10.4,17.4,9.8
2026-08-11,2.5,16.1,16.4
2026-08-12,4.0,18.7,0
2026-08-13,4.0,20.5,0.2
2026-08-14,6.5,22.7,0
2026-08-15,6.0,23.9,0
2026-08-16,7.1,24.2,0
2026-08-17,10.8,19.6,0
2026-08-18,7.8,18.9,5.4
2026-08-19,10.9,20.9,0.2
2026-08-20,7.8,20.0,0.2
2026-08-21,6.7,23.8,0
2026-08-22,10.7,21.0,0
2026-08-23,11.6,20.5,2.0
2026-08-24,8.6,20.0,2.4
2026-08-25,8.8,21.1,0
2026-08-26,11.5,21.3,0
2026-08-27,10.8,16.0,15.0
2026-08-28,8.7,19.0,0.4
2026-08-29,11.3,21.4,0
2026-08-30,12.3,25.8,0
2026-08-31,13.0,22.3,0
2026-09-01,8.3,19.2,2.6
2026-09-02,8.5,19.2,0
2026-09-03,13.1,19.2,1.6
2026-09-04,14.4,19.5,3.0
2026-09-05,13.7,19.8,0.2
2026-09-06,12.2,18.1,10.0
2026-09-07,10.8,22.9,0
2026-09-08,12.8,21.7,0
2026-09-09,10.6,21.9,0
2026-09-10,11.1,23.5,0
2026-09-11,12.3,27.4,0
2026-09-12,15.6,21.2,1.4
2026-09-13,11.1,21.0,0.2
2026-09-14,9.5,23.1,0
2026-09-15,13.8,25.5,0.2
2026-09-16,15.4,30.3,0
2026-09-17,18.2,29.5,0
2026-09-18,14.6,28.9,0
2026-09-19,14.3,20.3,3.0
2026-09-20,13.1,21.4,1.2
2026-09-21,9.5,24.4,0.6
2026-09-22,9.8,21.1,0
2026-09-23,9.5,21.5,0
2026-09-24,9.3,22.8,0.4
2026-09-25,13.7,21.1,0
2026-09-26,12.5,17.2,0
2026-09-27,12.1,20.8,0
2026-09-28,10.7,21.7,0
2026-09-29,8.5,20.5,0.6
2026-09-30,11.9,19.1,13.6
